<?xml version="1.0" encoding="utf-8"?>
<extension type="module" version="2.5.0" method="upgrade">
 
        <name>LMS4Labs</name>
        <!-- The following elements are optional and free of formatting constraints -->
        <creationDate>March 2013</creationDate>
        <author>Mikel Emaldi - Pablo Orduna</author>
        <authorEmail>m.emaldi@deusto.es - pablo.orduna@deusto.es</authorEmail>
        <authorUrl>https://github.com/lms4labs/lms_joomla</authorUrl>
        <copyright></copyright>
        <license></license>
        <!--  The version string is stored in the extension table -->
        <version>0.0.1</version>
        <!-- The description is optional and defaults to the name -->
        <description>MOD_LMS4LABS_DESCRIPTION</description>
 
        <!-- Note the folder attribute: This attribute describes what to copy
                into the module folder -->
        <files>
                <filename module="mod_lms4labs">mod_lms4labs.php</filename>
                <filename>mod_lms4labs.xml</filename>
                <filename>helper.php</filename>
                <folder>tmpl</folder>
        </files>
        
        <languages>
            <language tag="en-GB">language/en-GB/en-GB.mod_lms4labs.ini</language>
            <language tag="en-GB">language/en-GB/en-GB.mod_lms4labs.sys.ini</language>
        </languages>
        
</extension>
